Player,useless,Pos,Age,Tm,G,GS,FG,FGA,FG%,eFG%,FT,FTA,FT%,AST,STL,BLK,TOV,PS/G
Alex Abrines,abrinal01,SG,23,OKC,22,0,1.6,4.4,.365,.469,0.6,0.7,.867,0.4,0.3,0.0,0.7,4.7
Quincy Acy,acyqu01,PF,26,DAL,6,0,0.8,2.8,.294,.324,0.3,0.5,.667,0.0,0.0,0.0,0.3,2.2
Steven Adams,adamsst01,C,23,OKC,29,29,4.7,8.0,.582,.582,2.3,3.2,.723,0.8,1.3,0.9,2.0,11.7
Arron Afflalo,afflaar01,SG,31,SAC,25,18,2.7,6.5,.411,.463,1.4,1.6,.897,1.1,0.3,0.0,0.4,7.4
Alexis Ajinca,ajincal01,C,28,NOP,19,9,2.0,4.3,.469,.469,0.5,0.6,.750,0.4,0.4,0.6,0.8,4.5
Cole Aldrich,aldrico01,C,28,MIN,26,0,1.2,2.1,.564,.564,0.5,0.7,.722,0.6,0.6,0.6,0.3,2.9
LaMarcus Aldridge,aldrila01,PF,31,SAS,26,26,6.3,13.7,.463,.478,3.3,3.9,.833,1.9,0.7,1.0,1.6,16.3
Lavoy Allen,allenla01,PF,27,IND,27,0,0.7,2.2,.322,.322,0.1,0.2,.667,1.0,0.3,0.3,0.3,1.6
Tony Allen,allento01,SG,35,MEM,24,22,4.2,9.0,.470,.477,1.4,2.1,.667,1.0,1.8,0.5,1.4,10.0
Al-Farouq Aminu,aminual01,SF,26,POR,13,10,2.0,6.8,.292,.360,0.9,1.8,.522,1.8,1.3,0.6,1.5,5.8
Chris Andersen,anderch01,C,38,CLE,12,0,0.8,1.8,.409,.409,0.8,1.2,.714,0.4,0.4,0.6,0.4,2.3
Alan Anderson,anderal01,SF,34,LAC,8,0,0.8,2.5,.300,.400,0.1,0.3,.500,0.4,0.1,0.0,0.4,2.1
Justin Anderson,anderju01,SF,23,DAL,27,2,2.6,6.8,.383,.443,1.8,2.3,.778,0.7,0.6,0.4,1.1,7.8
Kyle Anderson,anderky01,SG,23,SAS,25,7,1.0,2.1,.453,.500,0.6,0.7,.833,0.8,0.8,0.3,0.4,2.7
Ryan Anderson,anderry01,PF,28,HOU,30,30,4.5,11.0,.410,.529,1.7,2.0,.881,1.0,0.5,0.2,1.0,13.3
Giannis Antetokounmpo,antetgi01,SG,22,MIL,27,27,8.2,15.8,.520,.543,5.7,7.2,.785,5.8,2.1,2.0,3.1,22.9
Carmelo Anthony,anthoca01,SF,32,NYK,28,28,8.0,18.7,.429,.484,4.4,5.0,.872,2.9,1.0,0.4,1.9,22.5
Trevor Ariza,arizatr01,SF,31,HOU,30,30,4.6,10.4,.438,.569,0.9,1.3,.667,1.9,2.1,0.3,1.0,12.7
Darrell Arthur,arthuda01,PF,28,DEN,13,3,1.8,4.0,.442,.558,0.2,0.2,1.000,1.2,0.2,0.3,1.1,4.6
Omer Asik,asikom01,C,30,NOP,28,18,1.1,2.3,.477,.477,0.8,1.4,.590,0.5,0.2,0.4,0.4,3.0
D.J. Augustin,augusdj01,PG,29,ORL,31,15,2.9,7.4,.391,.487,1.5,1.8,.836,3.1,0.5,0.0,1.1,8.7
Luke Babbitt,babbilu01,SF,27,MIA,23,11,1.3,4.0,.326,.440,0.3,0.4,.778,0.4,0.3,0.1,0.3,3.8
Ron Baker,bakerro01,SG,23,NYK,10,0,1.4,3.8,.368,.421,0.2,0.4,.500,0.9,0.4,0.1,0.8,3.4
Wade Baldwin,baldwwa01,PG,20,MEM,20,1,1.3,4.1,.321,.333,1.2,1.4,.821,2.2,0.7,0.3,1.5,3.9
Leandro Barbosa,barbole01,SG,34,PHO,28,0,2.8,5.9,.473,.527,0.2,0.3,.750,1.1,0.5,0.1,0.3,6.4
J.J. Barea,bareajo01,PG,32,DAL,11,5,5.2,12.6,.410,.478,2.5,2.5,.964,5.2,0.7,0.1,1.7,14.5
Harrison Barnes,barneha02,SF,24,DAL,29,29,8.2,17.7,.464,.491,3.1,3.6,.864,1.3,0.9,0.2,1.3,20.4
Matt Barnes,barnema02,SF,36,SAC,27,6,2.4,6.9,.357,.441,0.9,1.3,.667,2.5,0.8,0.4,1.5,6.9
Will Barton,bartowi01,SG,26,DEN,17,13,5.1,11.5,.439,.497,2.8,3.9,.727,2.4,0.9,0.5,1.9,14.3
Brandon Bass,bassbr01,PF,31,LAC,15,0,1.5,2.9,.535,.547,0.5,0.5,1.000,0.5,0.1,0.2,0.3,3.7
Nicolas Batum,batumni01,SG,28,CHO,28,28,4.6,11.9,.389,.466,2.9,3.6,.804,5.6,1.1,0.4,2.5,14.0
Jerryd Bayless,bayleje01,PG,28,PHI,3,1,3.7,10.7,.344,.375,3.0,3.3,.900,4.3,0.0,0.0,3.0,11.0
Aron Baynes,baynear01,C,30,DET,31,1,1.5,3.5,.439,.439,1.3,1.5,.889,0.3,0.4,0.4,0.9,4.3
Kent Bazemore,bazemke01,SF,27,ATL,27,24,3.9,10.7,.368,.418,1.6,2.3,.698,2.6,1.4,0.7,1.7,10.6
Bradley Beal,bealbr01,SG,23,WAS,25,25,7.8,17.2,.455,.537,4.2,5.2,.806,3.5,1.0,0.3,1.7,22.7
Malik Beasley,beaslma01,SG,20,DEN,9,0,1.0,3.2,.310,.379,0.4,0.7,.667,0.3,0.2,0.0,0.0,2.9
Michael Beasley,beaslmi01,SF,28,MIL,23,0,3.4,6.6,.523,.546,1.1,1.6,.694,0.8,0.4,0.3,1.2,8.3
Marco Belinelli,belinma01,SG,30,CHO,29,0,4.0,8.8,.459,.563,1.5,1.8,.863,1.8,0.6,0.2,0.8,11.4
DeAndre' Bembry,bembrde01,SF,22,ATL,9,0,0.4,1.6,.286,.286,0.1,0.2,.500,0.2,0.1,0.0,0.4,1.0
Dragan Bender,bendedr01,PF,19,PHO,23,0,1.0,2.8,.359,.461,0.0,0.1,.000,0.3,0.2,0.4,0.6,2.6
Anthony Bennett,bennean01,PF,23,BRK,21,1,1.5,3.9,.390,.463,1.1,1.5,.719,0.5,0.2,0.1,0.6,4.7
Davis Bertans,bertada01,PF,24,SAS,23,1,1.0,2.5,.404,.544,0.3,0.4,.778,0.6,0.1,0.5,0.3,3.0
Patrick Beverley,beverpa01,SG,28,HOU,19,19,3.3,7.5,.434,.531,0.5,0.7,.714,4.8,1.4,0.5,1.5,8.5
Bismack Biyombo,biyombi01,C,24,ORL,30,15,2.2,4.4,.496,.496,1.8,3.7,.482,1.2,0.3,1.6,1.4,6.2
Nemanja Bjelica,bjeline01,PF,28,MIN,26,1,2.3,5.5,.410,.514,0.7,0.9,.750,1.2,0.6,0.2,0.9,6.4
Tarik Black,blackta01,C,25,LAL,24,0,2.1,4.3,.500,.500,1.4,1.8,.786,0.6,0.3,0.6,0.7,5.6
Eric Bledsoe,bledser01,PG,27,PHO,29,29,6.9,15.4,.444,.489,4.8,5.8,.821,5.3,1.5,0.4,3.0,19.9
Bojan Bogdanovic,bogdabo02,SF,27,BRK,28,28,5.0,11.2,.446,.522,3.0,3.5,.847,1.4,0.4,0.1,1.4,14.7
Andrew Bogut,bogutan01,C,32,DAL,16,16,1.8,3.8,.475,.475,0.2,0.7,.273,2.2,0.6,0.9,1.8,3.8
Joel Bolomboy,bolomjo01,PF,23,UTA,9,0,0.3,0.6,.600,.600,0.2,0.4,.500,0.1,0.1,0.1,0.1,0.9
Devin Booker,bookede01,SG,20,PHO,28,28,7.0,17.1,.412,.460,3.4,4.3,.807,3.1,0.8,0.3,2.6,19.1
Trevor Booker,booketr01,PF,29,BRK,27,27,4.1,7.9,.519,.535,1.3,2.0,.679,2.3,1.8,0.4,2.0,9.8
Avery Bradley,bradlav01,SG,26,BOS,29,29,7.2,15.0,.482,.552,1.3,1.7,.780,2.4,1.2,0.2,1.8,17.9
Corey Brewer,breweco01,SF,30,HOU,30,3,1.4,3.4,.398,.442,0.5,0.7,.636,1.0,0.5,0.2,0.5,3.5
Malcolm Brogdon,brogdma01,SG,24,MIL,27,0,2.9,6.8,.418,.486,1.0,1.2,.848,3.1,1.0,0.1,1.3,7.7
Aaron Brooks,brookaa01,PG,32,IND,28,0,2.0,5.1,.382,.444,0.6,0.7,.895,2.3,0.6,0.1,1.2,5.2
Anthony Brown,brownan02,SF,24,NOP,9,0,1.6,4.6,.341,.415,0.0,0.0,,0.7,0.6,0.1,0.6,3.8
Bobby Brown,brownbo02,PG,32,HOU,6,0,0.2,2.0,.083,.083,0.0,0.0,,0.0,0.0,0.0,0.2,0.3
Jaylen Brown,brownja02,SF,20,BOS,29,3,2.0,4.6,.433,.478,0.8,1.3,.622,0.6,0.4,0.3,0.7,5.2
Nicolas Brussino,brussni01,SF,23,DAL,22,0,0.5,1.4,.355,.452,0.3,0.3,.857,0.8,0.3,0.1,0.3,1.5
Reggie Bullock,bullore01,SF,25,DET,4,0,1.8,4.0,.438,.500,0.0,0.0,,0.3,0.3,0.5,0.3,4.0
Trey Burke,burketr01,PG,24,WAS,24,0,2.0,4.5,.458,.505,0.4,0.6,.600,1.3,0.2,0.1,0.6,4.9
Jimmy Butler,butleji01,SF,27,CHI,28,28,7.5,16.5,.452,.486,8.4,9.4,.890,4.3,1.7,0.3,2.1,24.4
Bruno Caboclo,cabocbr01,SF,21,TOR,5,0,0.2,0.8,.250,.375,0.0,0.0,,0.6,0.4,0.0,0.4,0.6
Jose Calderon,caldejo01,PG,35,LAL,14,9,1.9,3.9,.481,.574,0.3,0.3,1.000,2.6,0.4,0.1,1.6,4.7
Kentavious Caldwell-Pope,caldwke01,SG,23,DET,30,30,5.1,12.5,.411,.493,1.9,2.3,.826,2.9,1.1,0.1,1.1,14.2
Isaiah Canaan,canaais01,SG,25,CHI,25,0,2.2,6.0,.376,.446,0.9,1.0,.880,1.1,0.8,0.0,0.7,6.2
Clint Capela,capelca01,C,22,HOU,28,28,5.4,8.4,.640,.640,1.0,2.3,.446,0.9,0.4,1.6,1.3,11.8
DeMarre Carroll,carrode01,SF,30,TOR,23,23,3.6,8.1,.444,.551,1.2,1.7,.700,1.0,1.1,0.4,0.5,10.2
Vince Carter,cartevi01,SG,40,MEM,24,0,2.8,7.4,.384,.472,1.2,1.6,.737,1.8,0.8,0.3,0.8,8.1
Michael Carter-Williams,cartemi01,PG,25,CHI,3,0,1.3,5.0,.267,.300,1.0,1.3,.750,2.7,0.7,0.7,2.0,4.0
Omri Casspi,casspom01,SF,28,SAC,16,2,2.9,6.2,.475,.525,0.6,0.9,.600,1.4,0.4,0.1,1.0,7.1
Willie Cauley-Stein,caulewi01,C,23,SAC,25,0,2.2,4.0,.566,.566,0.6,1.2,.483,0.4,0.4,0.4,0.6,5.0
Tyson Chandler,chandty01,C,34,PHO,21,20,3.0,4.3,.703,.703,1.4,2.1,.667,0.5,0.8,0.4,1.7,7.5
Wilson Chandler,chandwi01,SF,29,DEN,26,6,6.6,14.7,.446,.500,2.1,2.8,.743,1.9,0.8,0.2,1.5,16.8
Marquese Chriss,chrisma01,PF,19,PHO,29,22,2.6,6.2,.417,.467,1.0,1.6,.638,0.5,0.5,0.5,1.2,6.8
Rakeem Christmas,chrisra01,PF,25,IND,3,0,0.3,1.3,.250,.250,0.3,0.3,1.000,0.3,0.0,0.3,0.0,1.0
Semaj Christon,chrisse01,PG,24,OKC,28,0,1.3,4.1,.322,.343,0.3,0.6,.529,2.5,0.4,0.1,0.6,3.1
Ian Clark,clarkia01,SG,25,GSW,27,0,2.9,5.5,.523,.614,0.5,0.7,.700,1.2,0.5,0.1,0.5,7.3
Jordan Clarkson,clarkjo01,SG,24,LAL,32,3,5.7,13.1,.438,.488,1.8,2.1,.836,2.3,1.3,0.1,2.0,14.5
Darren Collison,collida01,PG,29,SAC,21,17,4.4,9.9,.449,.500,2.7,3.2,.824,4.3,1.0,0.0,1.9,12.5
Nick Collison,collini01,PF,36,OKC,9,0,0.4,0.8,.571,.571,0.1,0.2,.500,0.8,0.1,0.0,0.1,1.0
Mike Conley,conlemi01,PG,29,MEM,21,20,5.6,13.5,.413,.500,4.4,5.1,.869,5.7,1.5,0.5,2.2,17.9
Pat Connaughton,connapa01,SG,24,POR,12,0,0.7,0.9,.727,.773,0.3,0.5,.667,0.3,0.0,0.1,0.0,1.8
DeMarcus Cousins,couside01,C,26,SAC,28,28,9.8,21.7,.453,.493,7.6,9.9,.768,3.3,1.1,1.5,3.0,29.0
Robert Covington,covinro01,SF,26,PHI,25,25,3.4,9.6,.353,.446,1.4,1.8,.778,1.2,1.6,0.7,1.8,10.0
Allen Crabbe,crabbal01,SG,24,POR,31,1,3.4,7.6,.445,.544,1.5,1.8,.855,1.2,0.5,0.2,0.9,9.8
Jamal Crawford,crawfja01,SG,36,LAC,30,0,4.2,10.1,.418,.482,2.0,2.2,.881,2.1,0.6,0.1,1.4,11.7
Jae Crowder,crowdja01,SF,26,BOS,21,21,4.7,9.8,.478,.588,1.9,2.1,.889,2.4,1.1,0.3,1.3,13.4
Dante Cunningham,cunnida01,SF,29,NOP,18,10,2.1,5.3,.396,.500,0.2,0.4,.429,0.6,0.6,0.6,0.6,5.5
Seth Curry,curryse01,PG,26,DAL,25,6,4.0,9.2,.435,.520,0.6,0.9,.727,2.8,1.1,0.1,1.3,10.2
Stephen Curry,curryst01,PG,28,GSW,30,30,8.0,17.0,.468,.578,4.7,5.0,.934,5.9,1.8,0.2,2.7,24.4
Troy Daniels,danietr01,SG,25,MEM,20,3,3.4,9.0,.378,.492,1.1,1.3,.846,0.9,0.4,0.1,0.7,10.0
Anthony Davis,davisan02,PF,23,NOP,29,29,10.6,21.7,.490,.504,7.9,9.8,.807,2.2,1.5,2.7,2.4,29.8
Deyonta Davis,davisde01,C,20,MEM,21,0,1.0,1.6,.588,.588,0.3,0.5,.545,0.1,0.0,0.6,0.4,2.2
Ed Davis,davised01,PF,27,POR,31,11,1.5,3.1,.500,.500,1.2,1.8,.673,0.6,0.4,0.6,0.9,4.3
Dewayne Dedmon,dedmode01,C,27,SAS,23,1,1.9,3.4,.564,.564,0.7,1.1,.680,0.4,0.5,1.0,0.5,4.6
Sam Dekker,dekkesa01,SF,22,HOU,30,0,2.8,5.6,.494,.565,0.6,1.0,.586,1.2,0.6,0.3,0.8,6.9
Malcolm Delaney,delanma01,PG,27,ATL,29,0,2.0,5.3,.379,.402,1.3,1.4,.881,2.8,0.4,0.0,1.4,5.5
Matthew Dellavedova,dellama01,PG,26,MIL,27,27,3.0,7.8,.386,.455,0.7,0.9,.833,5.6,0.9,0.0,1.9,7.8
Luol Deng,denglu01,SF,31,LAL,32,32,3.2,8.1,.394,.458,0.7,1.1,.657,1.5,1.1,0.3,0.8,8.1
DeMar DeRozan,derozde01,SG,27,TOR,28,28,10.0,20.8,.482,.493,7.4,8.8,.849,4.1,1.2,0.1,2.6,27.9
Cheick Diallo,diallch01,PF,20,NOP,6,0,2.7,4.8,.552,.552,1.2,1.7,.700,0.3,0.3,0.3,0.3,6.5
Boris Diaw,diawbo01,PF,34,UTA,21,18,2.1,4.6,.458,.500,0.4,0.4,.889,2.6,0.2,0.0,1.6,5.0
Gorgui Dieng,dienggo01,PF,27,MIN,28,28,4.3,8.3,.519,.528,1.6,2.1,.733,2.1,0.9,1.3,1.8,10.4
Spencer Dinwiddie,dinwisp01,PG,23,BRK,6,0,1.2,3.2,.368,.368,1.0,1.2,.857,1.0,0.5,0.3,1.3,3.3
Toney Douglas,douglto01,PG,30,MEM,6,0,2.3,6.0,.389,.431,0.7,0.8,.800,2.7,1.0,0.2,0.8,5.8
Goran Dragic,dragigo01,PG,30,MIA,25,25,6.9,15.4,.451,.503,3.7,4.6,.802,6.7,1.0,0.2,3.2,19.2
Andre Drummond,drumman01,C,23,DET,30,30,6.0,11.3,.529,.531,2.0,4.2,.472,1.1,1.5,1.0,2.0,14.0
Jared Dudley,dudleja01,PF,31,PHO,28,7,3.0,6.1,.494,.624,0.8,1.3,.622,1.8,0.8,0.3,1.3,8.4
Mike Dunleavy,dunlemi02,SF,36,CLE,20,2,1.4,3.9,.364,.474,0.7,0.9,.765,0.9,0.3,0.1,0.5,4.3
Kris Dunn,dunnkr01,PG,22,MIN,28,5,1.6,4.2,.390,.424,0.8,1.3,.657,2.4,1.0,0.3,1.3,4.4
Kevin Durant,duranke01,SF,28,GSW,30,30,9.0,16.9,.535,.589,5.8,6.7,.865,4.6,1.3,1.6,2.1,25.7
Henry Ellenson,ellenhe01,PF,20,DET,8,0,0.5,1.4,.364,.500,0.0,0.0,,0.1,0.0,0.0,0.3,1.4
Wayne Ellington,ellinwa01,SG,29,MIA,11,8,4.9,11.2,.439,.545,0.7,0.9,.800,2.0,0.8,0.1,0.5,12.9
Monta Ellis,ellismo01,SG,31,IND,24,23,3.7,8.5,.433,.470,1.8,2.1,.840,3.7,1.1,0.5,2.3,9.7
Joel Embiid,embiijo01,C,22,PHI,19,19,6.1,13.2,.464,.510,4.5,6.1,.741,1.8,0.7,2.4,3.5,17.9
James Ennis,ennisja01,SF,26,MEM,17,14,2.8,6.2,.443,.514,1.9,2.4,.805,1.2,0.9,0.2,0.9,8.4
Tyler Ennis,ennisty01,PG,22,HOU,17,0,1.0,2.5,.395,.442,0.1,0.1,.500,1.4,0.3,0.0,0.9,2.3
Tyreke Evans,evansty01,SG,27,NOP,3,0,2.0,6.0,.333,.389,1.0,1.0,1.000,2.7,0.0,0.0,1.3,5.7
Dante Exum,exumda01,PG,21,UTA,28,16,2.4,5.9,.409,.473,0.9,1.1,.833,1.7,0.2,0.3,1.1,6.4
Kenneth Faried,farieke01,PF,27,DEN,28,14,3.5,6.6,.535,.535,2.5,3.6,.693,0.8,0.9,1.0,1.2,9.6
Jordan Farmar,farmajo01,PG,30,SAC,2,0,2.0,6.0,.333,.500,0.0,0.0,,4.5,1.0,0.0,1.5,6.0
Derrick Favors,favorde01,PF,25,UTA,15,9,3.5,7.6,.465,.469,1.9,2.9,.636,0.5,0.9,1.2,1.1,9.0
Kay Felder,feldeka01,PG,21,CLE,12,0,1.3,3.4,.390,.415,1.0,1.3,.750,1.8,0.2,0.1,0.8,3.8
Cristiano Felicio,feliccr01,C,24,CHI,20,0,1.5,3.0,.483,.483,0.6,0.9,.647,0.5,0.3,0.2,0.4,3.5
Raymond Felton,feltora01,PG,32,LAC,28,1,2.3,5.0,.453,.518,0.4,0.5,.786,1.4,0.7,0.3,0.8,5.5
Yogi Ferrell,ferreyo01,PG,23,BRK,10,0,1.8,4.9,.367,.449,1.0,1.6,.625,1.7,0.2,0.2,1.4,5.4
Dorian Finney-Smith,finnedo01,PF,23,DAL,28,21,2.0,4.6,.423,.527,0.6,0.8,.783,1.0,0.5,0.4,0.7,5.5
Bryn Forbes,forbebr01,SG,23,SAS,12,0,0.3,1.2,.286,.321,0.1,0.1,1.000,0.1,0.1,0.0,0.0,0.8
Evan Fournier,fournev01,SG,24,ORL,31,31,6.3,13.9,.455,.521,3.4,4.0,.846,3.5,1.0,0.1,2.0,17.8
Randy Foye,foyera01,SG,33,BRK,18,1,1.6,4.6,.349,.458,0.6,0.7,.846,1.9,0.4,0.2,1.3,4.8
Tim Frazier,fraziti01,PG,26,NOP,30,23,3.9,8.9,.434,.489,2.1,2.6,.821,7.3,1.1,0.2,2.4,10.8
Channing Frye,fryech01,C,33,CLE,20,1,3.4,7.5,.450,.601,0.9,1.0,.947,0.8,0.4,0.5,0.6,9.9
Danilo Gallinari,gallida01,SF,28,DEN,26,26,4.7,11.3,.412,.493,5.3,6.0,.873,2.2,0.7,0.3,1.4,16.4
Langston Galloway,gallola01,PG,25,NOP,30,0,3.5,9.1,.388,.491,0.7,0.9,.741,1.5,1.0,0.0,0.7,9.6
Marc Gasol,gasolma01,C,32,MEM,29,29,7.4,16.3,.455,.503,3.7,4.6,.818,4.1,0.9,1.5,2.0,20.1
Pau Gasol,gasolpa01,C,36,SAS,28,28,5.0,10.0,.505,.534,1.5,2.3,.646,2.7,0.4,1.2,1.3,12.1
Rudy Gay,gayru01,SF,30,SAC,23,23,6.7,14.6,.455,.499,4.0,4.7,.844,3.0,1.6,0.7,2.2,18.6
Michael Gbinije,gbinimi01,SG,24,DET,7,0,0.1,1.3,.111,.111,0.3,0.3,1.000,0.3,0.0,0.0,0.0,0.6
Alonzo Gee,geeal01,SF,29,DEN,12,0,0.3,1.1,.231,.231,0.4,0.8,.556,0.5,0.4,0.1,0.2,0.9
Paul George,georgpa01,SF,26,IND,24,24,7.7,17.3,.442,.507,4.1,4.5,.916,3.2,1.8,0.3,3.0,21.7
Jonathan Gibson,gibsojo01,PG,29,DAL,16,0,2.2,5.9,.368,.447,1.3,1.8,.724,1.6,0.5,0.0,1.3,6.6
Taj Gibson,gibsota01,PF,31,CHI,28,28,5.5,9.9,.560,.560,1.4,2.1,.655,1.4,0.5,1.1,1.6,12.4
Manu Ginobili,ginobma01,SG,39,SAS,24,0,2.6,6.7,.385,.484,1.3,1.6,.842,2.5,1.4,0.3,1.5,7.8
Rudy Gobert,goberru01,C,24,UTA,30,30,4.3,6.2,.697,.697,3.8,5.7,.673,0.9,0.6,2.7,1.6,12.4
Archie Goodwin,goodwar01,SG,22,NOP,3,0,0.7,1.7,.400,.500,3.3,3.3,1.000,0.3,0.0,0.3,0.0,5.0
Aaron Gordon,gordoaa01,SF,21,ORL,31,23,4.1,9.6,.425,.473,1.2,2.0,.590,1.7,0.7,0.5,1.1,10.3
Eric Gordon,gordoer01,SG,28,HOU,30,8,6.0,13.7,.438,.574,1.9,2.3,.812,2.8,0.7,0.5,1.8,17.6
Marcin Gortat,gortama01,C,32,WAS,28,28,5.1,8.8,.580,.580,1.3,2.2,.597,1.6,0.5,1.1,1.6,11.5
Treveon Graham,grahatr01,SG,23,CHO,6,1,0.8,1.3,.625,.813,0.3,0.3,1.000,0.3,0.0,0.0,0.2,2.5
Jerami Grant,grantje01,SF,22,TOT,28,2,2.3,4.9,.474,.536,1.3,2.3,.538,0.4,0.6,1.0,0.6,6.5
Jerami Grant,grantje01,SF,22,PHI,2,0,3.0,8.5,.353,.353,2.0,4.0,.500,0.0,0.0,2.0,1.5,8.0
Jerami Grant,grantje01,SF,22,OKC,26,2,2.3,4.6,.492,.563,1.2,2.2,.544,0.5,0.6,0.9,0.5,6.4
Jerian Grant,grantje02,PG,24,CHI,20,4,1.5,4.3,.349,.390,0.7,0.7,1.000,1.2,0.8,0.2,0.5,4.0
Danny Green,greenda02,SG,29,SAS,21,21,2.6,5.6,.470,.637,0.4,0.6,.750,2.0,0.8,0.6,0.9,7.5
Draymond Green,greendr01,PF,26,GSW,28,28,3.8,8.9,.428,.496,1.8,2.7,.658,7.2,2.3,1.3,2.0,10.6
Gerald Green,greenge01,SG,31,BOS,13,0,1.3,4.4,.298,.368,0.5,0.6,.750,1.2,0.2,0.1,0.6,3.7
JaMychal Green,greenja01,PF,26,MEM,31,31,3.2,7.4,.437,.474,1.9,2.4,.800,1.3,0.8,0.6,1.3,8.9
Jeff Green,greenje02,SF,30,ORL,30,8,3.2,8.3,.388,.442,2.1,2.4,.861,1.4,0.5,0.2,1.2,9.4
Blake Griffin,griffbl01,PF,27,LAC,26,26,7.9,16.5,.480,.486,5.2,6.9,.749,4.7,1.0,0.5,2.4,21.2
Justin Hamilton,hamilju01,C,26,BRK,23,2,2.4,5.8,.421,.515,0.5,0.8,.667,1.0,0.6,0.5,0.8,6.5
A.J. Hammons,hammoaj01,C,24,DAL,15,0,0.5,1.4,.381,.476,0.1,0.7,.200,0.1,0.0,0.4,0.2,1.5
Tim Hardaway,hardati02,SG,24,ATL,29,5,4.2,9.7,.439,.514,1.4,2.2,.651,1.7,0.5,0.2,1.0,11.3
James Harden,hardeja01,PG,27,HOU,30,30,8.1,18.5,.437,.519,8.5,10.2,.839,11.7,1.4,0.3,5.4,27.8
Maurice Harkless,harklma01,SF,23,POR,30,30,5.0,10.2,.487,.551,1.1,1.4,.791,0.9,1.2,0.7,1.2,12.4
Montrezl Harrell,harremo01,PF,23,HOU,21,1,3.2,5.1,.636,.640,0.5,1.0,.500,0.8,0.3,0.7,1.0,7.0
Devin Harris,harride01,PG,33,DAL,13,0,1.2,3.5,.333,.411,0.5,0.6,.875,1.4,0.7,0.0,0.7,3.4
Gary Harris,harriga01,SG,22,DEN,9,8,4.9,9.4,.518,.588,1.7,2.6,.652,2.8,0.9,0.2,1.1,12.8
Joe Harris,harrijo01,SG,25,BRK,28,0,3.5,7.8,.447,.564,1.0,1.3,.757,1.3,0.8,0.1,1.3,9.8
Tobias Harris,harrito02,PF,24,DET,31,31,6.1,13.0,.473,.517,2.2,2.4,.893,1.7,0.7,0.6,1.5,15.6
Aaron Harrison,harriaa01,SG,22,CHO,4,0,0.0,1.0,.000,.000,0.3,0.5,.500,0.5,0.0,0.0,0.0,0.3
Andrew Harrison,harrian01,SG,22,MEM,30,12,1.9,6.6,.283,.333,2.5,3.2,.784,3.6,1.2,0.6,1.6,6.9
Udonis Haslem,hasleud01,PF,36,MIA,8,0,0.3,1.0,.250,.250,0.3,0.5,.500,0.1,0.1,0.0,0.0,0.8
Spencer Hawes,hawessp01,PF,28,CHO,22,0,2.8,6.0,.466,.496,0.6,0.8,.778,1.6,0.4,0.7,1.2,6.5
Gordon Hayward,haywago01,SF,26,UTA,23,23,7.0,16.0,.439,.495,6.1,7.0,.870,3.7,1.0,0.3,2.2,22.0
Gerald Henderson,hendege02,SG,29,PHI,27,27,3.6,7.9,.458,.514,1.4,1.7,.822,1.6,0.7,0.2,1.0,9.4
John Henson,hensojo01,C,26,MIL,25,18,3.0,5.9,.500,.500,1.6,2.3,.702,1.1,0.5,1.6,1.1,7.5
Juan Hernangomez,hernaju01,PF,21,DEN,22,1,1.1,2.5,.436,.536,0.9,1.4,.645,0.5,0.4,0.3,0.3,3.6
Willy Hernangomez,hernawi01,C,22,NYK,24,0,2.6,4.5,.578,.587,0.9,1.3,.733,0.8,0.4,0.5,1.3,6.3
Mario Hezonja,hezonma01,SF,21,ORL,19,0,1.4,4.2,.329,.367,0.4,0.5,.700,0.5,0.3,0.1,0.8,3.4
Roy Hibbert,hibbero01,C,30,CHO,23,5,1.8,3.8,.477,.477,1.8,2.3,.759,0.7,0.2,1.0,0.7,5.4
Buddy Hield,hieldbu01,SG,23,NOP,31,11,3.2,8.3,.384,.467,0.5,0.5,.882,1.2,0.2,0.1,0.9,8.3
Nene Hilario,hilarne01,C,34,HOU,25,1,2.9,5.1,.570,.578,1.5,2.4,.607,0.8,0.6,0.5,1.3,7.4
George Hill,hillge01,PG,30,UTA,11,11,7.1,13.3,.534,.623,3.5,3.9,.884,4.2,1.1,0.2,1.4,20.0
Jordan Hill,hilljo01,C,29,MIN,3,0,0.7,1.0,.667,.667,0.7,0.7,1.000,0.0,0.0,0.0,0.7,2.0
Solomon Hill,hillso01,SF,25,NOP,29,21,1.8,4.8,.374,.457,1.3,1.6,.826,1.9,0.9,0.4,1.0,5.7
Darrun Hilliard,hillida01,SG,23,DET,19,1,1.5,3.8,.389,.451,0.6,0.8,.750,0.9,0.4,0.1,0.9,4.1
Jrue Holiday,holidjr01,PG,26,NOP,16,10,5.8,13.3,.432,.484,2.1,3.1,.673,6.4,1.1,0.4,2.4,14.9
Justin Holiday,holidju01,SG,27,NYK,29,2,2.4,5.9,.418,.500,0.9,1.0,.833,1.1,0.9,0.3,0.7,6.7
Rondae Hollis-Jefferson,holliro01,SF,22,BRK,25,14,2.5,6.5,.387,.411,2.2,2.9,.740,2.2,1.0,0.6,1.3,7.5
Richaun Holmes,holmeri01,PF,23,PHI,21,2,2.9,5.6,.513,.543,0.9,1.4,.621,0.9,0.6,0.9,0.9,6.9
Rodney Hood,hoodro01,SG,24,UTA,25,25,5.6,13.0,.428,.508,2.0,2.6,.766,2.0,0.7,0.2,1.2,15.2
Al Horford,horfoal01,C,30,BOS,19,19,6.0,13.0,.462,.510,2.1,2.5,.830,5.1,0.6,2.2,1.5,15.3
Danuel House,houseda01,SG,23,WAS,1,0,0.0,0.0,,,0.0,0.0,,0.0,0.0,0.0,0.0,0.0
Dwight Howard,howardw01,C,31,ATL,26,26,5.6,8.9,.632,.632,3.0,5.7,.524,1.2,1.0,1.5,2.5,14.2
Marcelo Huertas,huertma01,PG,33,LAL,13,1,1.2,2.9,.395,.421,0.4,0.8,.500,2.8,0.6,0.1,1.2,2.8
Kris Humphries,humphkr01,PF,31,ATL,20,0,1.3,3.4,.388,.433,0.9,1.1,.857,0.5,0.2,0.5,0.7,3.8
R.J. Hunter,hunterj01,SG,23,CHI,3,0,0.0,0.3,.000,.000,0.0,0.0,,0.0,0.0,0.0,0.0,0.0
Serge Ibaka,ibakase01,PF,27,ORL,31,31,6.1,12.4,.490,.549,1.5,1.9,.828,1.0,0.5,1.7,1.1,15.2
Andre Iguodala,iguodan01,SF,33,GSW,29,0,2.3,5.1,.456,.534,0.4,0.8,.565,3.3,0.9,0.4,0.7,5.9
Ersan Ilyasova,ilyaser01,PF,29,TOT,28,14,4.9,10.7,.457,.543,1.7,2.1,.814,1.5,0.5,0.3,1.3,13.4
Ersan Ilyasova,ilyaser01,PF,29,OKC,3,0,2.0,5.3,.375,.469,0.0,0.0,,0.3,1.0,0.3,1.3,5.0
Ersan Ilyasova,ilyaser01,PF,29,PHI,25,14,5.2,11.4,.461,.548,1.9,2.4,.814,1.6,0.4,0.2,1.3,14.4
Joe Ingles,inglejo01,SF,29,UTA,30,3,2.2,4.6,.489,.631,0.6,0.8,.760,1.9,0.8,0.1,0.9,6.4
Brandon Ingram,ingrabr01,SF,19,LAL,32,9,2.7,7.7,.348,.387,1.5,2.2,.690,2.0,0.5,0.4,1.4,7.5
Kyrie Irving,irvinky01,PG,24,CLE,25,25,9.0,18.6,.481,.546,3.9,4.4,.882,5.3,0.6,0.2,2.5,24.2
Demetrius Jackson,jacksde01,PG,22,BOS,4,0,0.8,1.0,.750,.875,0.8,1.5,.500,0.8,0.0,0.0,0.0,2.5
Reggie Jackson,jacksre01,PG,26,DET,10,10,4.9,12.3,.398,.451,2.8,3.3,.848,4.8,0.7,0.1,2.0,13.9
LeBron James,jamesle01,SF,32,CLE,25,25,9.4,18.4,.514,.564,4.8,6.9,.694,8.8,1.3,0.5,3.8,25.5
Al Jefferson,jeffeal01,C,32,IND,31,1,3.6,7.5,.476,.476,0.9,1.3,.692,0.8,0.2,0.3,0.4,8.0
Richard Jefferson,jefferi01,SF,36,CLE,27,4,1.8,4.1,.438,.531,0.5,0.7,.737,1.0,0.3,0.1,0.5,4.9
John Jenkins,jenkijo01,SG,25,PHO,4,0,0.5,1.3,.400,.500,0.5,0.5,1.000,0.3,0.0,0.0,0.0,1.8
Brandon Jennings,jennibr01,PG,27,NYK,29,4,2.7,7.1,.376,.444,1.7,2.2,.794,5.5,1.0,0.0,2.1,8.0
Jonas Jerebko,jerebjo01,PF,29,BOS,29,1,1.9,4.0,.466,.552,0.3,0.4,.818,0.8,0.6,0.2,0.5,4.7
Amir Johnson,johnsam01,PF,29,BOS,29,28,2.6,4.7,.556,.589,0.8,1.2,.686,1.7,0.6,0.6,0.8,6.3
James Johnson,johnsja01,PF,29,MIA,26,0,4.0,8.0,.505,.572,1.5,2.0,.717,2.4,0.6,0.9,1.8,10.6
Joe Johnson,johnsjo02,SF,35,UTA,30,8,3.3,7.7,.435,.517,0.9,1.1,.818,1.8,0.4,0.1,0.9,8.8
Stanley Johnson,johnsst04,SF,20,DET,27,0,1.4,3.7,.374,.424,0.6,1.0,.654,0.9,0.6,0.3,0.6,3.7
Tyler Johnson,johnsty01,SG,24,MIA,28,0,4.8,11.4,.423,.483,2.5,3.3,.742,3.2,1.2,0.6,1.1,13.5
Wesley Johnson,johnswe01,SF,29,LAC,24,0,1.3,3.5,.361,.446,0.2,0.3,.833,0.5,0.4,0.5,0.5,3.3
Nikola Jokic,jokicni01,PF,21,DEN,26,12,4.7,8.1,.573,.592,1.9,2.4,.806,3.2,0.6,0.6,1.5,11.5
Damian Jones,jonesda03,C,21,GSW,1,0,0.0,0.0,,,0.0,0.0,,0.0,0.0,0.0,2.0,0.0
Derrick Jones,jonesde02,SF,19,PHO,2,0,0.5,0.5,1.000,1.000,0.5,0.5,1.000,0.0,0.0,0.0,0.0,1.5
James Jones,jonesja02,SF,36,CLE,16,0,1.1,1.6,.654,.923,0.3,0.4,.714,0.1,0.2,0.3,0.3,3.3
Terrence Jones,joneste01,PF,25,NOP,30,4,4.3,9.1,.473,.493,2.0,3.2,.608,1.1,0.8,1.0,1.1,10.9
Tyus Jones,jonesty01,PG,20,MIN,18,0,1.1,2.6,.426,.532,0.8,0.8,.933,2.4,0.7,0.0,0.7,3.6
DeAndre Jordan,jordade01,C,28,LAC,30,30,4.5,6.8,.665,.665,2.7,5.0,.550,0.8,0.6,1.8,1.5,11.7
Cory Joseph,josepco01,SG,25,TOR,27,0,3.5,7.7,.454,.488,1.4,1.9,.780,2.8,0.7,0.1,1.0,8.9
Frank Kaminsky,kaminfr01,C,23,CHO,27,6,3.8,9.9,.384,.446,1.3,2.0,.660,2.5,0.6,0.4,1.0,10.1
Enes Kanter,kanteen01,C,24,OKC,29,0,4.9,8.9,.552,.558,2.6,3.3,.800,0.7,0.4,0.9,1.3,12.6
Ryan Kelly,kellyry01,PF,25,ATL,8,0,0.3,0.9,.286,.357,0.3,0.3,1.000,0.5,0.4,0.3,0.1,0.9
Michael Kidd-Gilchrist,kiddgmi01,SF,23,CHO,28,28,3.3,7.5,.435,.438,2.3,3.1,.744,1.1,0.8,0.9,0.9,8.8
Sean Kilpatrick,kilpase01,SG,27,BRK,28,18,5.0,11.8,.429,.494,4.0,4.8,.830,2.5,0.8,0.1,2.6,15.6
Brandon Knight,knighbr03,SG,25,PHO,29,4,4.4,11.5,.386,.431,3.1,3.7,.850,2.9,0.7,0.0,2.0,13.1
Kyle Korver,korveky01,SG,35,ATL,27,21,3.3,7.3,.449,.583,0.6,0.7,.895,2.2,0.7,0.4,1.4,9.2
Kosta Koufos,koufoko01,C,27,SAC,29,25,2.7,4.9,.546,.546,0.4,0.8,.478,0.6,0.4,0.6,1.0,5.7
Mindaugas Kuzminskas,kuzmimi01,SF,27,NYK,24,0,1.5,3.8,.396,.489,0.5,0.7,.750,0.9,0.5,0.1,0.5,4.2
Skal Labissiere,labissk01,PF,20,SAC,3,0,1.3,2.3,.571,.571,0.7,1.0,.667,0.0,0.0,0.0,0.3,3.3
Jeremy Lamb,lambje01,SG,24,CHO,18,1,3.2,7.2,.450,.481,1.6,1.9,.829,0.9,0.3,0.3,0.8,8.5
Nicolas Laprovittola,laproni01,PG,27,SAS,17,3,1.2,2.7,.435,.543,0.5,0.5,1.000,1.6,0.2,0.1,1.1,3.5
Joffrey Lauvergne,lauvejo01,C,25,OKC,25,0,2.3,5.0,.460,.524,0.4,0.8,.476,0.9,0.5,0.2,0.6,5.7
Zach LaVine,lavinza01,SG,21,MIN,27,27,7.6,16.1,.470,.552,2.9,3.4,.868,3.1,0.8,0.3,2.0,20.7
Ty Lawson,lawsoty01,PG,29,SAC,29,14,2.9,6.9,.415,.455,1.4,1.9,.759,4.4,1.2,0.1,1.7,7.7
Jake Layman,laymaja01,SF,22,POR,17,0,0.9,2.8,.319,.404,0.4,0.5,.778,0.4,0.4,0.1,0.2,2.6
Courtney Lee,leeco01,SG,31,NYK,27,27,3.9,8.5,.452,.539,0.8,0.9,.875,1.9,0.9,0.3,0.8,10.0
David Lee,leeda02,PF,33,SAS,29,2,2.7,4.6,.575,.575,1.1,1.6,.733,1.5,0.4,0.4,0.8,6.4
Alex Len,lenal01,C,23,PHO,27,9,3.1,6.3,.488,.488,2.5,3.5,.713,0.7,0.5,1.7,1.3,8.6
Kawhi Leonard,leonaka01,SF,25,SAS,29,29,8.0,17.1,.467,.518,6.3,6.9,.915,3.1,2.0,0.6,2.0,24.0
Meyers Leonard,leoname01,PF,24,POR,28,5,1.9,5.2,.366,.462,0.4,0.4,1.000,0.8,0.1,0.4,0.6,5.2
Jon Leuer,leuerjo01,PF,27,DET,30,0,4.4,8.7,.512,.556,1.6,1.8,.889,1.6,0.4,0.4,0.9,11.2
Caris LeVert,leverca01,SG,22,BRK,8,0,1.3,4.3,.294,.353,0.4,0.8,.500,1.4,0.9,0.0,0.6,3.4
DeAndre Liggins,liggide01,SG,28,CLE,19,5,1.0,2.4,.413,.489,0.6,0.9,.667,1.2,0.6,0.4,0.8,3.0
Damian Lillard,lillada01,PG,26,POR,31,31,8.8,19.3,.457,.524,7.2,8.0,.899,6.0,0.9,0.3,2.7,27.4
Jeremy Lin,linje01,PG,28,BRK,10,7,5.0,10.9,.459,.523,2.6,3.7,.703,6.0,1.3,0.7,2.4,14.0
Shaun Livingston,livinsh01,PG,31,GSW,29,0,2.2,3.9,.571,.571,0.4,0.8,.542,1.8,0.4,0.1,0.8,4.9
Kevon Looney,looneke01,PF,20,GSW,26,3,1.3,2.2,.614,.623,0.4,0.7,.588,0.7,0.2,0.5,0.3,3.1
Brook Lopez,lopezbr01,C,28,BRK,25,25,7.0,15.3,.460,.522,4.6,5.4,.838,2.6,0.6,1.8,2.3,20.6
Robin Lopez,lopezro01,C,28,CHI,28,28,4.4,9.3,.479,.479,0.8,1.2,.667,0.8,0.1,1.8,1.0,9.6
Kevin Love,loveke01,PF,28,CLE,24,24,7.1,15.2,.468,.555,5.4,6.3,.860,1.8,1.1,0.5,2.0,22.3
Kyle Lowry,lowryky01,PG,30,TOR,28,28,6.8,14.7,.460,.571,4.5,5.3,.851,7.4,1.5,0.3,2.9,21.3
John Lucas III,lucasjo02,PG,34,MIN,5,0,0.2,0.8,.250,.250,0.0,0.0,,0.2,0.4,0.0,0.0,0.4
Timothe Luwawu-Cabarrot,luwawti01,SF,21,PHI,18,0,0.7,1.9,.343,.386,0.7,1.0,.667,0.3,0.3,0.2,0.3,2.2
Trey Lyles,lylestr01,PF,21,UTA,30,3,3.4,8.4,.399,.466,1.0,1.2,.811,1.3,0.5,0.4,1.3,8.9
Shelvin Mack,macksh01,PG,26,UTA,30,4,3.3,7.3,.447,.502,0.9,1.4,.667,3.2,0.9,0.0,2.0,8.3
Ian Mahinmi,mahinia01,C,30,WAS,1,0,0.0,1.0,.000,.000,1.0,2.0,.500,0.0,1.0,1.0,2.0,1.0
Thon Maker,makerth01,PF,19,MIL,10,0,0.6,1.1,.545,.636,0.6,1.0,.600,0.0,0.0,0.3,0.1,2.0
Boban Marjanovic,marjabo01,C,28,DET,12,0,0.9,2.7,.344,.344,0.5,0.8,.667,0.1,0.2,0.4,0.1,2.3
Jarell Martin,martija01,PF,22,MEM,30,2,1.7,4.2,.394,.425,1.1,1.5,.773,0.2,0.3,0.3,0.9,4.7
Wesley Matthews,matthwe02,SG,30,DAL,28,28,5.2,13.4,.388,.503,2.2,2.7,.813,2.2,1.4,0.1,1.6,15.6
Luc Mbah a Moute,mbahalu01,PF,30,LAC,28,28,2.3,4.5,.504,.579,1.1,1.6,.674,0.3,1.2,0.5,0.7,6.4
James Michael McAdoo,mcadoja01,PF,24,GSW,14,0,0.6,1.4,.400,.400,0.1,0.4,.200,0.2,0.1,0.2,0.3,1.2
Patrick McCaw,mccawpa01,SG,21,GSW,25,0,1.1,2.9,.389,.493,0.1,0.2,.500,1.0,0.4,0.3,0.6,3.0
Sheldon McClellan,mcclesh01,SG,24,WAS,8,2,1.8,3.8,.467,.500,1.1,1.4,.818,0.5,0.5,0.1,0.1,4.9
C.J. McCollum,mccolcj01,SG,25,POR,31,31,8.2,17.2,.478,.550,3.2,3.6,.901,3.6,0.9,0.6,2.2,22.2
T.J. McConnell,mccontj01,PG,24,PHI,28,1,1.8,4.1,.443,.452,0.4,0.6,.706,4.8,1.4,0.1,1.6,4.1
Chris McCullough,mcculch01,PF,21,BRK,9,0,1.2,2.7,.458,.479,0.1,0.1,1.000,0.1,0.0,0.2,0.2,2.7
K.J. McDaniels,mcdankj01,SF,23,HOU,17,0,1.4,3.1,.453,.519,0.3,0.4,.833,0.1,0.3,0.5,0.5,3.5
Doug McDermott,mcderdo01,SF,25,CHI,16,0,3.8,8.3,.462,.515,1.2,1.3,.905,1.3,0.3,0.1,0.8,9.7
JaVale McGee,mcgeeja01,C,29,GSW,26,2,2.4,3.9,.614,.614,0.7,1.6,.463,0.3,0.2,0.7,0.7,5.5
Rodney McGruder,mcgruro01,SG,25,MIA,27,15,2.2,5.6,.388,.464,0.8,1.1,.724,1.3,0.7,0.3,0.8,6.0
Ben McLemore,mclembe01,SG,23,SAC,23,8,2.4,5.7,.423,.481,0.8,1.0,.750,0.7,0.5,0.1,0.8,6.2
Jordan McRae,mcraejo01,SG,25,CLE,17,0,1.4,4.4,.324,.365,0.5,0.6,.727,0.5,0.3,0.1,0.4,3.6
Josh McRoberts,mcrobjo01,PF,29,MIA,21,13,2.0,5.4,.377,.430,0.3,0.4,.667,2.3,0.4,0.2,1.0,5.0
Jodie Meeks,meeksjo01,SG,29,ORL,11,0,2.2,6.1,.358,.455,1.9,2.2,.875,1.2,1.0,0.0,0.4,7.5
Salah Mejri,mejrisa01,C,30,DAL,25,11,1.2,1.9,.646,.646,0.3,0.5,.538,0.3,0.6,1.0,0.6,2.8
Jordan Mickey,mickejo01,PF,22,BOS,9,0,1.1,2.2,.500,.500,0.2,0.6,.400,0.3,0.1,0.0,0.4,2.4
C.J. Miles,milescj01,SF,29,IND,25,3,4.0,8.8,.452,.573,1.6,1.8,.909,0.7,0.8,0.5,0.5,11.6
Mike Miller,millemi01,SF,36,DEN,4,0,0.8,1.0,.750,1.125,0.0,0.0,,1.0,0.0,0.0,0.3,2.3
Patty Mills,millspa02,PG,28,SAS,29,4,3.9,8.2,.473,.596,1.2,1.3,.946,3.5,0.8,0.0,1.3,11.0
Paul Millsap,millspa01,PF,31,ATL,26,26,6.6,14.0,.470,.508,3.3,4.4,.754,3.7,1.7,0.9,2.2,17.5
Nikola Mirotic,mirotni01,PF,25,CHI,26,2,3.0,7.7,.388,.480,1.5,2.0,.736,1.0,0.7,0.8,1.2,8.9
Greg Monroe,monrogr01,C,26,MIL,26,0,3.6,7.2,.500,.500,2.1,2.5,.818,2.2,1.2,0.5,1.4,9.2
E'Twaun Moore,mooreet01,SG,27,NOP,27,20,4.1,9.3,.444,.500,0.8,1.0,.750,2.8,0.7,0.3,1.1,10.0
Marcus Morris,morrima03,SF,27,DET,31,31,5.3,12.3,.428,.490,1.5,1.8,.807,1.7,0.7,0.3,1.2,13.5
Markieff Morris,morrima02,PF,27,WAS,27,27,4.7,11.3,.416,.444,2.7,3.4,.804,1.9,1.2,0.6,1.9,12.8
Anthony Morrow,morroan01,SG,31,OKC,23,3,2.4,5.8,.421,.504,0.5,0.6,.786,0.6,0.5,0.1,0.2,6.3
Timofey Mozgov,mozgoti01,C,30,LAL,31,31,3.4,6.4,.528,.528,1.3,1.6,.796,0.9,0.3,0.5,1.4,8.0
Emmanuel Mudiay,mudiaem01,PG,20,DEN,28,28,4.5,12.2,.368,.417,2.6,3.4,.779,3.8,0.8,0.3,2.8,12.8
Shabazz Muhammad,muhamsh01,SF,24,MIN,25,0,2.3,5.7,.408,.433,1.6,2.1,.755,0.5,0.2,0.1,0.6,6.5
Dejounte Murray,murrade01,PG,20,SAS,12,1,0.5,1.6,.316,.368,0.3,0.8,.400,0.7,0.1,0.0,0.7,1.5
Jamal Murray,murraja01,SG,19,DEN,29,3,3.2,8.6,.378,.468,1.2,1.4,.810,2.0,0.4,0.3,1.4,9.2
Mike Muscala,muscami01,C,25,ATL,29,3,3.3,6.1,.537,.602,1.0,1.3,.757,1.6,0.5,0.7,1.1,8.3
Larry Nance Jr.,nancela02,PF,24,LAL,28,0,3.1,5.3,.584,.591,0.7,1.0,.704,1.3,1.2,0.6,0.8,7.0
Shabazz Napier,napiesh01,PG,25,POR,19,0,1.0,2.7,.365,.471,0.6,0.9,.706,1.1,0.6,0.0,0.4,3.2
Maurice Ndour,ndourma01,PF,24,NYK,13,0,0.8,1.9,.440,.440,0.7,0.8,.900,0.1,0.4,0.2,0.2,2.4
Jameer Nelson,nelsoja01,PG,34,DEN,29,6,3.6,8.2,.439,.513,0.6,0.8,.727,4.3,0.7,0.1,2.0,9.0
Raul Neto,netora01,PG,24,UTA,14,0,1.1,2.1,.500,.583,0.1,0.1,1.000,0.6,0.2,0.0,0.4,2.6
Georges Niang,niangge01,PF,23,IND,14,0,0.3,1.9,.148,.167,0.1,0.1,1.000,0.4,0.1,0.0,0.4,0.8
Andrew Nicholson,nichoan01,PF,27,WAS,20,0,1.3,3.1,.419,.444,0.3,0.5,.600,0.3,0.4,0.3,0.5,3.1
Joakim Noah,noahjo01,C,31,NYK,25,25,2.0,4.4,.468,.468,0.6,1.7,.381,2.5,0.7,0.8,1.2,4.7
Nerlens Noel,noelne01,C,22,PHI,3,0,2.0,3.7,.545,.545,0.7,0.7,1.000,0.0,0.3,0.3,0.0,4.7
Lucas Nogueira,noguelu01,C,24,TOR,21,0,2.0,2.7,.737,.737,0.9,1.3,.704,0.8,1.0,1.8,0.7,4.9
Steve Novak,novakst01,PF,33,MIL,4,0,0.0,0.8,.000,.000,0.0,0.0,,0.0,0.0,0.0,0.0,0.0
Dirk Nowitzki,nowitdi01,PF,38,DAL,5,5,4.8,13.4,.358,.403,1.4,1.4,1.000,1.4,0.6,0.6,1.0,12.2
Jusuf Nurkic,nurkiju01,C,22,DEN,27,25,4.0,7.7,.524,.524,1.3,2.5,.500,1.4,0.6,1.0,2.3,9.3
Kyle O'Quinn,oquinky01,PF,26,NYK,28,4,2.9,5.1,.559,.559,0.8,1.1,.677,1.2,0.4,1.3,0.9,6.5
Daniel Ochefu,ochefda01,C,23,WAS,6,0,0.2,0.8,.200,.200,0.0,0.0,,0.2,0.0,0.0,0.3,0.3
Jahlil Okafor,okafoja01,C,21,PHI,24,11,4.8,9.3,.513,.513,1.8,2.9,.609,1.0,0.4,1.2,1.4,11.3
Victor Oladipo,oladivi01,SG,24,OKC,24,24,6.3,13.9,.455,.531,1.3,2.1,.620,2.8,0.9,0.3,1.8,16.1
Kelly Olynyk,olynyke01,C,25,BOS,23,5,2.9,6.6,.437,.520,1.3,1.7,.775,1.7,1.0,0.3,1.3,8.2
Arinze Onuaku,onuakar01,C,29,ORL,5,0,0.2,0.6,.333,.333,0.0,0.0,,0.0,0.0,0.2,0.0,0.4
Kelly Oubre,oubreke01,SF,21,WAS,26,1,2.2,5.2,.422,.481,1.1,1.5,.763,0.6,0.7,0.1,0.6,6.1
Zaza Pachulia,pachuza01,C,32,GSW,26,26,1.8,3.5,.505,.505,1.1,1.5,.763,2.3,0.8,0.5,1.3,4.7
Georgios Papagiannis,papagge01,C,19,SAC,1,0,1.0,1.0,1.000,1.000,0.0,0.0,,0.0,0.0,0.0,1.0,2.0
Jabari Parker,parkeja01,PF,21,MIL,27,27,7.9,16.2,.486,.524,3.1,4.3,.730,2.1,1.1,0.2,1.4,20.1
Tony Parker,parketo01,PG,34,SAS,21,21,3.9,8.9,.441,.462,1.4,1.6,.853,4.3,0.4,0.0,1.4,9.6
Chandler Parsons,parsoch01,SF,28,MEM,7,7,2.7,7.3,.373,.422,0.7,0.9,.833,1.0,0.3,0.3,1.1,6.9
Patrick Patterson,pattepa01,PF,27,TOR,27,0,2.6,6.9,.373,.492,0.8,1.1,.710,1.7,1.0,0.3,0.6,7.6
Chris Paul,paulch01,PG,31,LAC,30,30,5.9,12.7,.463,.543,3.9,4.4,.872,9.6,2.2,0.2,2.3,17.6
Adreian Payne,paynead01,PF,25,MIN,9,0,1.9,4.1,.459,.486,1.3,1.7,.800,0.3,0.4,0.4,0.8,5.3
Elfrid Payton,paytoel01,PG,22,ORL,31,16,4.6,10.3,.451,.476,1.5,2.4,.613,5.6,1.2,0.6,2.0,11.3
Paul Pierce,piercpa01,SF,39,LAC,9,3,1.0,3.1,.321,.446,0.8,0.9,.875,0.2,0.2,0.2,0.6,3.6
Marshall Plumlee,plumlma02,C,24,NYK,3,0,0.3,0.3,1.000,1.000,0.7,1.0,.667,0.3,0.3,0.0,0.0,1.3
Mason Plumlee,plumlma01,C,26,POR,31,31,4.5,8.1,.560,.560,1.9,3.7,.509,4.4,0.9,1.1,1.7,11.0
Miles Plumlee,plumlmi01,C,28,MIL,20,9,1.0,2.1,.463,.463,0.8,1.1,.682,0.8,0.5,0.3,0.9,2.7
Jakob Poeltl,poeltja01,C,21,TOR,15,2,0.9,2.2,.424,.424,0.5,1.1,.471,0.3,0.4,0.3,0.3,2.4
Otto Porter,porteot01,SF,23,WAS,28,28,5.4,10.2,.530,.602,1.1,1.4,.795,1.4,1.7,0.6,0.8,13.4
Bobby Portis,portibo01,PF,21,CHI,21,0,1.7,3.7,.468,.506,0.5,1.0,.550,0.7,0.1,0.2,0.7,4.2
Kristaps Porzingis,porzikr01,PF,21,NYK,29,29,7.2,16.0,.452,.518,3.3,4.2,.785,1.3,0.7,1.8,1.6,19.9
Dwight Powell,poweldw01,C,25,DAL,29,1,2.9,5.8,.509,.515,1.6,2.1,.783,0.9,1.2,0.6,0.5,7.6
Norman Powell,powelno01,SG,23,TOR,24,5,2.4,4.7,.518,.603,1.4,1.8,.767,1.0,0.9,0.2,0.5,7.0
Tim Quarterman,quartti01,SG,22,POR,10,0,0.7,0.8,.875,1.000,0.0,0.0,,0.4,0.0,0.2,0.2,1.6
Julius Randle,randlju01,PF,22,LAL,28,28,5.2,10.5,.495,.500,2.4,3.5,.680,3.4,0.7,0.5,2.9,12.8
Zach Randolph,randoza01,PF,35,MEM,24,1,5.5,12.6,.432,.441,1.7,2.3,.727,1.5,0.5,0.2,1.0,12.8
J.J. Redick,redicjj01,SG,32,LAC,29,29,5.2,11.2,.466,.580,2.3,2.6,.905,0.9,0.7,0.1,1.3,15.3
Willie Reed,reedwi02,PF,26,MIA,22,0,1.5,2.7,.550,.550,0.7,1.5,.471,0.3,0.1,0.4,0.2,3.7
Josh Richardson,richajo01,SG,23,MIA,20,12,4.0,10.4,.380,.457,0.8,1.1,.727,2.2,0.7,0.5,1.3,10.3
Malachi Richardson,richama01,SG,21,SAC,4,0,0.8,2.3,.333,.444,0.5,0.5,1.000,0.5,0.3,0.0,0.0,2.5
Austin Rivers,riverau01,SG,24,LAC,29,3,3.3,7.6,.441,.523,1.2,1.8,.642,2.1,0.7,0.1,0.9,9.1
Andre Roberson,roberan03,SF,25,OKC,29,29,3.0,6.6,.453,.521,0.4,1.3,.316,1.0,1.3,1.0,0.7,7.2
Brian Roberts,roberbr01,PG,31,CHO,7,0,0.3,1.9,.154,.154,1.1,1.4,.800,0.6,0.1,0.0,0.6,1.7
Glenn Robinson,robingl02,SF,23,IND,29,12,2.2,5.5,.400,.456,0.9,1.1,.758,0.7,0.5,0.3,0.6,5.9
Thomas Robinson,robinth01,PF,25,LAL,19,1,1.2,2.8,.415,.415,0.7,1.3,.520,0.5,0.4,0.3,0.5,3.0
Sergio Rodriguez,rodrise01,PG,30,PHI,27,26,3.5,9.2,.382,.462,0.3,0.4,.800,6.3,1.0,0.1,2.4,8.8
Rajon Rondo,rondora01,PG,30,CHI,24,24,3.4,8.8,.384,.419,0.5,1.0,.542,7.3,1.4,0.3,2.8,7.9
Derrick Rose,rosede01,PG,28,NYK,25,25,6.7,14.6,.458,.470,3.1,3.6,.846,4.4,0.6,0.5,2.4,16.8
Terrence Ross,rosste01,SF,25,TOR,27,0,3.9,8.1,.482,.586,1.1,1.2,.909,0.6,0.9,0.3,0.4,10.7
Terry Rozier,roziete01,PG,22,BOS,29,0,2.2,6.0,.371,.431,0.8,1.1,.719,1.8,0.6,0.2,0.6,6.0
Ricky Rubio,rubiori01,PG,26,MIN,23,23,2.1,5.7,.366,.420,2.3,2.7,.841,6.9,1.5,0.1,2.1,7.1
Damjan Rudez,rudezda01,SF,30,ORL,18,0,0.7,1.9,.382,.515,0.0,0.0,,0.4,0.4,0.0,0.3,1.9
Brandon Rush,rushbr01,SG,31,MIN,11,0,0.5,2.2,.250,.333,0.1,0.2,.500,0.6,0.2,0.2,0.5,1.5
D'Angelo Russell,russeda01,PG,20,LAL,19,19,5.3,13.1,.403,.494,2.2,2.8,.778,4.6,1.2,0.4,3.1,15.1
Domantas Sabonis,sabondo01,PF,20,OKC,29,29,2.5,5.8,.435,.518,0.1,0.2,.500,1.3,0.6,0.4,1.1,6.1
Dario Saric,saricda01,PF,22,PHI,28,10,3.3,8.7,.381,.453,1.3,1.6,.778,1.7,0.4,0.2,1.9,9.1
Tomas Satoransky,satorto01,SG,25,WAS,21,2,1.3,3.4,.394,.408,0.5,0.8,.647,2.3,0.5,0.0,0.9,3.3
Dennis Schroder,schrode01,PG,23,ATL,29,29,6.7,14.3,.464,.511,2.6,3.2,.815,6.3,0.8,0.2,3.1,17.2
Luis Scola,scolalu01,PF,36,BRK,25,1,2.1,4.4,.482,.527,0.7,1.1,.630,0.9,0.4,0.2,1.0,5.3
Mike Scott,scottmi01,PF,28,ATL,5,0,0.8,3.4,.235,.265,0.4,0.4,1.000,1.2,0.0,0.0,0.4,2.2
Thabo Sefolosha,sefolth01,SF,32,ATL,26,11,3.2,6.7,.480,.517,0.8,1.2,.733,1.8,2.0,0.4,1.1,7.7
Kevin Seraphin,serapke01,PF,27,IND,14,0,1.8,3.6,.490,.490,0.1,0.3,.500,0.6,0.2,0.4,0.6,3.7
Ramon Sessions,sessira01,PG,30,CHO,29,1,2.0,5.1,.385,.422,1.8,2.5,.712,3.0,0.6,0.1,0.9,6.1
Iman Shumpert,shumpim01,SG,26,CLE,26,1,2.4,5.3,.460,.584,1.0,1.2,.813,1.9,0.9,0.3,1.4,7.2
Pascal Siakam,siakapa01,PF,22,TOR,28,28,2.5,4.7,.542,.542,0.6,0.8,.773,0.5,0.5,0.9,0.8,5.7
Jonathon Simmons,simmojo02,SG,27,SAS,29,1,2.1,4.9,.433,.468,1.2,1.7,.720,1.7,0.7,0.4,1.1,5.8
Kyle Singler,singlky01,SF,28,OKC,15,0,0.9,2.4,.361,.403,0.5,0.5,.875,0.2,0.1,0.2,0.6,2.4
Marcus Smart,smartma01,PG,22,BOS,26,9,3.3,9.3,.360,.421,1.6,2.3,.683,4.2,1.2,0.3,1.9,9.4
Ish Smith,smithis01,PG,28,DET,31,21,3.9,9.4,.414,.430,1.1,1.5,.733,5.8,0.7,0.3,1.4,9.2
J.R. Smith,smithjr01,SG,31,CLE,21,21,3.0,8.8,.337,.473,0.3,0.4,.778,1.2,1.2,0.4,0.7,8.6
Jason Smith,smithja02,C,30,WAS,26,0,1.6,3.3,.477,.483,0.2,0.3,.857,0.3,0.3,0.3,0.8,3.4
Tony Snell,snellto01,SF,25,MIL,26,26,3.0,7.6,.401,.503,0.5,0.7,.778,1.3,0.3,0.2,0.7,8.2
Marreese Speights,speigma01,C,29,LAC,30,0,3.2,7.1,.448,.521,1.9,2.3,.841,0.8,0.3,0.4,0.7,9.3
Nik Stauskas,stausni01,SG,23,PHI,27,3,3.1,7.1,.445,.560,1.6,2.1,.768,1.9,0.4,0.4,1.6,9.5
Lance Stephenson,stephla01,SG,26,NOP,6,0,4.3,9.2,.473,.482,0.8,1.3,.625,4.8,0.3,0.2,1.8,9.7
Jarnell Stokes,stokeja01,PF,23,DEN,2,0,0.5,0.5,1.000,1.000,0.5,1.0,.500,1.0,0.5,0.0,0.0,1.5
Diamond Stone,stonedi01,C,19,LAC,4,0,0.5,2.3,.222,.222,0.5,0.5,1.000,0.0,0.0,0.3,0.3,1.5
Rodney Stuckey,stuckro01,PG,30,IND,16,0,3.2,7.3,.440,.474,2.6,3.6,.737,2.2,0.4,0.0,1.7,9.5
Walter Tavares,tavarwa01,C,24,ATL,1,0,1.0,1.0,1.000,1.000,0.0,2.0,.000,0.0,0.0,0.0,0.0,2.0
Jeff Teague,teaguje01,PG,28,IND,31,31,5.2,12.0,.430,.468,4.7,5.5,.843,7.3,1.8,0.5,2.6,15.9
Mirza Teletovic,teletmi01,PF,31,MIL,24,1,2.8,6.8,.420,.565,0.5,0.8,.722,0.8,0.1,0.3,0.8,8.2
Garrett Temple,templga01,SG,30,SAC,29,3,2.4,5.6,.436,.549,0.9,1.1,.839,2.1,1.0,0.5,1.0,7.1
Jason Terry,terryja01,SG,39,MIL,22,0,1.0,3.2,.329,.443,0.2,0.2,.800,1.3,0.3,0.2,0.3,3.0
Isaiah Thomas,thomais02,PG,27,BOS,25,25,8.2,18.7,.438,.502,7.9,8.8,.895,6.2,0.9,0.2,2.1,26.7
Lance Thomas,thomala01,PF,28,NYK,18,1,1.7,4.5,.383,.457,0.4,0.5,.889,0.3,0.5,0.2,0.6,4.6
Hollis Thompson,thompho01,SG,25,PHI,27,1,2.2,5.3,.413,.497,0.5,0.7,.650,0.9,0.5,0.2,0.3,5.7
Klay Thompson,thompkl01,SG,26,GSW,30,30,8.2,17.4,.472,.556,2.1,2.4,.889,2.1,0.8,0.3,1.8,21.4
Tristan Thompson,thomptr01,C,25,CLE,27,27,2.7,4.7,.575,.575,1.2,2.7,.458,0.8,0.5,1.3,0.7,6.6
Marcus Thornton,thornma01,SG,29,WAS,27,1,2.7,6.7,.400,.461,0.9,0.9,.920,1.2,0.6,0.1,0.7,7.0
Anthony Tolliver,tollian01,PF,31,SAC,17,1,1.5,3.6,.403,.508,0.8,0.9,.933,0.8,0.3,0.3,0.5,4.5
Karl-Anthony Towns,townska01,C,21,MIN,28,28,8.5,17.7,.478,.514,3.9,5.0,.786,2.5,0.6,1.4,2.6,22.1
P.J. Tucker,tuckepj01,SF,31,PHO,29,13,2.2,5.8,.377,.437,1.1,1.5,.721,1.1,1.2,0.2,0.9,6.1
Evan Turner,turneev01,SG,28,POR,29,1,3.6,8.5,.423,.453,1.5,1.8,.863,3.0,0.8,0.3,1.2,9.2
Myles Turner,turnemy01,C,20,IND,30,30,5.7,10.7,.533,.561,3.3,4.1,.798,1.0,0.8,2.4,1.4,15.3
Beno Udrih,udrihbe01,PG,34,DET,24,0,2.6,5.6,.467,.500,0.9,1.0,.917,3.3,0.3,0.0,0.8,6.5
Tyler Ulis,ulisty01,PG,21,PHO,17,0,1.2,3.0,.412,.422,0.6,0.8,.786,1.6,0.9,0.1,0.8,3.2
Jonas Valanciunas,valanjo01,C,24,TOR,26,26,5.0,9.3,.535,.535,2.4,2.9,.840,0.8,0.5,0.7,1.5,12.3
Denzel Valentine,valende01,SG,23,CHI,20,0,0.9,3.2,.270,.357,0.4,0.4,.875,0.5,0.3,0.1,0.4,2.6
Fred VanVleet,vanvlfr01,PG,22,TOR,8,0,0.6,1.6,.385,.423,0.0,0.0,,0.9,0.6,0.0,0.1,1.4
Anderson Varejao,varejan01,C,34,GSW,9,1,0.2,0.9,.250,.250,0.8,0.9,.875,0.8,0.2,0.2,0.7,1.2
Greivis Vasquez,vasqugr01,PG,30,BRK,3,0,0.7,2.7,.250,.313,0.7,1.0,.667,1.7,0.3,0.3,0.3,2.3
Rashad Vaughn,vaughra01,SG,20,MIL,14,0,1.7,4.4,.387,.500,0.0,0.0,,0.3,0.4,0.3,0.3,4.4
Noah Vonleh,vonleno01,PF,21,POR,24,4,1.2,3.0,.394,.437,0.5,0.7,.706,0.2,0.3,0.4,0.8,3.1
Nikola Vucevic,vucevni01,C,26,ORL,28,16,5.7,12.9,.440,.450,1.2,2.0,.607,2.6,0.8,0.9,1.4,12.8
Sasha Vujacic,vujacsa01,SG,32,NYK,18,0,0.6,1.8,.344,.422,0.2,0.2,.750,0.8,0.2,0.0,0.5,1.7
Dwyane Wade,wadedw01,SG,35,CHI,26,26,7.1,16.1,.443,.472,4.1,5.1,.803,3.6,1.5,0.7,2.2,19.3
Dion Waiters,waitedi01,SG,25,MIA,16,16,5.5,14.3,.384,.430,1.9,2.9,.652,3.9,0.9,0.6,2.2,14.2
Kemba Walker,walkeke02,PG,26,CHO,28,28,8.1,17.6,.460,.538,3.7,4.7,.794,5.5,1.4,0.3,2.2,22.6
John Wall,walljo01,PG,26,WAS,26,26,8.5,18.5,.460,.494,5.5,6.8,.807,9.7,2.3,0.5,4.3,23.7
Taurean Waller-Prince,princta02,SF,22,ATL,18,0,1.3,3.2,.397,.457,0.6,0.7,.917,0.7,0.3,0.3,0.7,3.6
T.J. Warren,warretj01,SF,23,PHO,16,13,6.4,14.1,.456,.476,2.3,2.8,.818,0.9,1.6,0.4,0.8,15.7
C.J. Watson,watsocj01,PG,32,ORL,21,0,0.7,2.3,.286,.367,0.6,0.8,.813,1.0,0.5,0.0,0.3,2.3
David West,westda01,PF,36,GSW,30,0,1.7,3.2,.542,.552,0.6,0.9,.692,1.8,0.6,0.6,1.2,4.1
Russell Westbrook,westbru01,PG,28,OKC,29,29,10.3,24.2,.427,.465,8.8,10.7,.820,10.8,1.3,0.3,5.5,31.3
Isaiah Whitehead,whiteis01,PG,21,BRK,22,16,2.6,6.4,.411,.450,1.0,1.3,.786,3.1,0.7,0.5,2.2,6.8
Hassan Whiteside,whiteha01,C,27,MIA,30,30,7.7,13.8,.554,.554,2.9,5.3,.544,0.6,0.8,2.4,2.0,18.2
Andrew Wiggins,wiggian01,SF,21,MIN,28,28,7.8,17.8,.441,.479,4.9,6.5,.762,2.4,0.7,0.4,2.5,21.9
C.J. Wilcox,wilcocj01,SG,26,ORL,10,0,0.3,1.2,.250,.333,0.2,0.2,1.000,0.7,0.0,0.0,0.3,1.0
Alan Williams,willial03,PF,24,PHO,12,0,1.5,2.7,.563,.563,0.6,1.3,.438,0.1,0.4,0.6,0.7,3.6
Deron Williams,willide01,PG,32,DAL,21,21,5.0,12.1,.412,.475,2.4,2.6,.926,6.6,0.5,0.1,2.1,13.9
Derrick Williams,willide02,SF,25,MIA,16,9,2.5,6.3,.396,.421,1.4,2.4,.605,0.4,0.4,0.3,0.4,6.8
Lou Williams,willilo02,SG,30,LAL,32,0,5.8,13.1,.445,.520,5.4,6.2,.869,3.4,1.4,0.2,2.2,19.1
Marvin Williams,willima02,PF,30,CHO,23,23,3.7,9.7,.384,.478,1.1,1.4,.781,1.3,0.4,0.3,0.7,10.4
Reggie Williams,willire02,SF,30,NOP,5,0,1.4,4.0,.350,.475,1.2,1.4,.857,0.8,0.6,0.0,0.0,5.0
Troy Williams,willitr02,SF,22,MEM,24,13,2.1,5.1,.418,.459,0.6,1.0,.600,0.8,1.0,0.4,1.1,5.3
Kyle Wiltjer,wiltjky01,PF,24,HOU,6,0,0.5,1.0,.500,.750,0.2,0.3,.500,0.0,0.0,0.0,0.3,1.7
Justise Winslow,winslju01,SF,20,MIA,14,11,4.8,12.8,.374,.394,1.7,2.9,.600,3.4,1.7,0.3,1.8,11.8
Jeff Withey,witheje01,C,26,UTA,23,0,1.0,1.8,.561,.561,0.7,0.9,.762,0.1,0.4,0.8,0.3,2.7
Christian Wood,woodch01,PF,21,CHO,1,0,0.0,1.0,.000,.000,0.0,0.0,,0.0,0.0,0.0,0.0,0.0
Metta World Peace,artesro01,SF,37,LAL,12,1,0.4,1.8,.238,.286,0.3,0.5,.667,0.3,0.3,0.2,0.2,1.3
James Young,youngja01,SG,21,BOS,11,0,0.5,1.3,.429,.500,0.0,0.0,,0.3,0.3,0.0,0.1,1.3
Joe Young,youngjo01,PG,24,IND,16,0,1.2,3.2,.373,.402,0.5,0.7,.727,0.6,0.3,0.0,0.1,3.1
Nick Young,youngni01,SG,31,LAL,25,25,5.1,11.0,.467,.599,1.6,1.8,.909,1.1,0.4,0.4,0.6,14.7
Thaddeus Young,youngth01,PF,28,IND,31,31,5.1,9.5,.536,.592,0.6,1.2,.514,1.5,1.2,0.5,1.6,11.9
Cody Zeller,zelleco01,PF,24,CHO,26,24,4.2,7.2,.583,.583,2.4,3.7,.653,1.2,0.7,1.1,1.1,10.8
Tyler Zeller,zellety01,C,27,BOS,24,5,1.8,4.0,.458,.458,0.5,0.9,.591,1.0,0.2,0.6,0.4,4.2
Stephen Zimmerman,zimmest01,C,20,ORL,5,0,0.4,1.4,.286,.286,0.0,0.2,.000,0.2,0.0,0.0,0.0,0.8
Paul Zipser,zipsepa01,SF,22,CHI,8,0,0.1,1.6,.077,.077,0.1,0.3,.500,0.5,0.3,0.0,0.4,0.4
Ivica Zubac,zubaciv01,C,19,LAL,6,1,0.5,1.7,.300,.300,0.5,0.7,.750,0.0,0.2,0.0,0.3,1.5


